<?xml version="1.0" encoding="UTF-8"?>
<metadata xmlns="http://www.demandware.com/xml/impex/metadata/2006-10-31">
    <type-extension type-id="SitePreferences">
        <custom-attribute-definitions>
			<attribute-definition attribute-id="imgixapiKey">
                <display-name xml:lang="x-default">imgix API Key</display-name>
                <description xml:lang="x-default">The API Key of imgix account</description>
                <type>string</type>
                <mandatory-flag>false</mandatory-flag>
                <externally-managed-flag>false</externally-managed-flag>
                <min-length>0</min-length>
            </attribute-definition>
			<attribute-definition attribute-id="imgixDefaultParams">
                <display-name xml:lang="x-default">Imgix Default Params</display-name>
                <description xml:lang="x-default">imgix Default Params to be passed in URL</description>
                <type>string</type>
                <mandatory-flag>false</mandatory-flag>
                <externally-managed-flag>false</externally-managed-flag>
                <min-length>0</min-length>
            </attribute-definition>
		</custom-attribute-definitions>
        <group-definitions>
            <attribute-group group-id="ImgixAttributes">
                <display-name xml:lang="x-default">IMGIX Attributes</display-name>
                <attribute attribute-id="imgixapiKey"/>
                <attribute attribute-id="imgixDefaultParams"/>
            </attribute-group>
        </group-definitions>
    </type-extension>
</metadata>
